a0,a1,a2,a3,a4,a5,a6,a7,a8,a9,a10,a11,a12,target0,target1,target2
14586897683942.652,-159468050815931.7,4266686149718.5923,-117958517511523.62,250894083368590.8,446124015281159.06,84491079652375.5,-113062886335169.06,49072254515451.99,79464473040056.72,14503195553968.28,68357178012201.2,94509527561590.88,1.0,0.0,0.0
2365713105164.4507,-141646076529748.94,-15224140314748.402,-251212680089087.88,2378633106956.957,313582441808287.75,59899464383193.336,-140688409695031.94,-21823035719102.582,-92598587795634.45,16260081907994.646,41188076342631.74,90053026871245.12,1.0,0.0,0.0
1891103995308.9968,6021710412907.704,20397025292725.742,-27103406663184.316,11582909042573.025,446124015281159.06,99246048813884.8,-85437362975306.28,85572799982747.42,84926792431665.97,12746309199941.914,29170973681091.402,130161533084356.9,1.0,0.0,0.0
16248029568436.76,-98364138977590.97,8971368399762.338,-81616473172187.89,122034220269965.84,1373915029591259.0,119739061538203.23,-168313933054894.8,41350985281985.664,374429720186955.94,-17120758818506.303,43800489964705.74,217806046661156.75,1.0,0.0,0.0
2840322215019.925,64579625924650.875,33838974578565.06,45580682015487.05,168055599948046.2,446124015281159.06,54161420820384.18,38877492144076.57,16081376881550.363,-100792066883048.27,14503195553968.28,16631388295136.277,-3533487626015.7266,1.0,0.0,0.0
14230940851551.041,-146738069182944.0,5610881078302.523,-130072532291302.2,112829944334349.78,861420945496156.2,111541856448475.86,-30186316255580.53,26610380381731.73,231043836157213.3,16260081907994.646,12451526499817.896,208893045280465.25,1.0,0.0,0.0
16485334123364.508,-118732109590371.17,5610881078302.523,-148243554460970.06,-34438470635507.316,181040868335416.44,40226172167847.64,-85437362975306.28,27312313948410.49,26206858971866.637,10989422845915.547,50592765382098.1,161357037916777.2,1.0,0.0,0.0
12569808967056.934,-47444212445640.4,16364440506973.947,-57388443612630.734,195668427754894.4,269401917317330.78,39406451658874.88,-71624601295374.84,-23928836419138.855,-1104737986179.6116,18016968262021.01,50592765382098.1,162842538146892.44,1.0,0.0,0.0
21706034331774.6,-177290025102114.4,-13207847921872.52,-166414576630637.88,-25234194699891.25,446124015281159.06,77933315580593.58,-99250124655237.72,27312313948410.49,19378959732355.105,21530740970073.746,12451526499817.896,88567526641129.86,1.0,0.0,0.0
10196763417779.602,-251123918573442.7,-6486873278952.86,-105844502731745.05,-16029918764275.18,605173903448604.9,91868564233130.12,-195939456414757.66,18187177581586.64,295226089008621.9,9232536491889.18,49025317208853.695,88567526641129.86,1.0,0.0,0.0
13044418076912.387,-44898216119042.81,-4470580886076.979,-45274428832852.21,48400012785037.3,578665588754030.8,105803812885666.67,-195939456414757.66,55389656615560.805,94485851366982.19,51397808988521.945,29170973681091.402,226719048041848.25,1.0,0.0,0.0
13281722631840.113,-218025966327674.84,-3126385957493.047,-81616473172187.89,-43642746571123.38,-84042278610326.17,32848687587093.01,-140688409695031.94,-1466962285418.5913,-7932637225691.143,37342718156311.01,10884078326573.49,158386037456546.7,1.0,0.0,0.0
8891588365677.084,-154376058162736.6,2922491221134.6606,-105844502731745.05,-98868402184819.8,269401917317330.78,59899464383193.336,-99250124655237.72,15379443314871.604,74002153648447.47,33828945448258.273,15063940121891.873,170270039297468.7,1.0,0.0,0.0
20756816112063.676,-154376058162736.6,1578296292550.7288,-245155672699198.56,-80459850313587.66,711207162226902.1,136133471717657.98,94128538863802.23,85572799982747.42,46690556690401.35,51397808988521.945,6181733806840.322,119763031473550.14,1.0,0.0,0.0
16366681845900.645,-118732109590371.17,906198828258.7482,-226984650529530.72,20787184978189.094,887929260190730.4,132034869172794.3,-99250124655237.72,96101803482928.78,333462324749886.6,42613377218390.11,20288767366039.85,237711749744701.12,1.0,0.0,0.0
7467761036110.702,-134008087549956.36,22413317685601.652,-69502458392409.37,112829944334349.78,490304539772116.44,72195272017784.44,-85437362975306.28,-9188231518884.938,306150727791840.4,56668468050601.04,14018974673062.277,167299038837238.2,1.0,0.0,0.0
15417463626189.717,-106002127957383.56,23757512614185.586,15295645066040.627,186464151819278.34,446124015281159.06,91048843724157.4,-43999077935511.97,26610380381731.73,155936944522586.22,19773854616047.38,2001872011521.9404,158386037456546.7,1.0,0.0,0.0
9840806585388.012,-195111999388297.06,17036537971265.928,15295645066040.627,140442772141197.98,578665588754030.8,112361576957448.58,52690253824008.0,9062041214762.775,210560138438678.6,30315172740205.543,-2177989783796.442,113821030553089.14,1.0,0.0,0.0
14112288574087.178,-190020006735102.0,7627173471178.406,-90701984257021.84,76012840591885.5,887929260190730.4,155806763933003.72,-57811839615443.41,18889111148265.4,497331906498163.9,47884036280469.21,10884078326573.49,277226055865766.8,1.0,0.0,0.0
7586413313574.565,194425438581124.9,13003953185514.133,-130072532291302.2,149647048076814.06,357762966299245.1,82031918125457.27,-265003264814414.75,4850439814690.222,5723161253331.92,448104721757.34595,39098145444972.55,29147517436519.805,1.0,0.0,0.0
12569808967056.934,-179836021428711.94,-5814775814660.91,-105844502731745.05,241689807432974.75,622846113244987.8,93508005251075.61,-168313933054894.8,35735516748555.59,80830052887959.12,23287627324100.113,57385040799490.46,9836014445021.537,1.0,0.0,0.0
-837898386359.924,372645181442951.9,19052830364141.81,-27103406663184.316,20787184978189.094,101515924251693.75,31209246569147.535,-154501171374963.38,27312313948410.49,-76211629620806.7,12746309199941.914,47457869035609.31,6865013984791.034,1.0,0.0,0.0
8416979255821.63,-121278105916968.7,-437996100325.1835,-87673480562077.16,11582909042573.025,278238022215522.03,69736110490866.195,-126875648015100.5,6956240514726.498,-171802218973968.5,26801400032152.848,72537039807519.58,85596526180899.36,1.0,0.0,0.0
-1787116606070.852,-187474010408504.47,10315563328346.27,-51331436222741.48,-43642746571123.38,163368658539033.6,27930364533256.58,-140688409695031.94,-9188231518884.938,-154049680951238.4,23287627324100.113,53205179004172.08,79654525260438.36,1.0,0.0,0.0
5925281429080.437,-134008087549956.36,16364440506973.947,15295645066040.627,-34438470635507.316,207549183029990.56,47603656748602.27,-113062886335169.06,4850439814690.222,-210038454715233.2,28558286386179.215,63132350768053.22,29147517436519.805,1.0,0.0,0.0
585928943206.4788,-72904175711615.72,57362385828783.84,166720829813272.72,223281255561742.6,295910232011904.9,53341700311411.46,149379585583527.9,23100712548337.934,-201844975627819.3,30315172740205.543,30738421854335.805,24691016746174.05,1.0,0.0,0.0
4620106376977.918,-144192072856346.47,17036537971265.928,-102815999036800.36,-62051298442355.52,490304539772116.44,74654433544702.62,-30186316255580.53,-9890165085563.697,-35244234183737.39,-6579440694348.102,31783387303165.402,133132533544587.4,1.0,0.0,0.0
3552235879803.1265,-156922054489334.16,-15224140314748.402,-75559465782298.62,-52847022506739.45,92679819353502.11,13175395371747.283,-126875648015100.5,-16909500752351.27,-151318521255433.78,10989422845915.547,8271664704499.514,159871537686661.94,1.0,0.0,0.0
10315415695243.465,-111094120610578.62,29134292328521.28,-2875377103627.268,66808564656269.44,578665588754030.8,77113595071620.86,11251968784213.697,11869775481477.81,-76211629620806.7,51397808988521.945,41188076342631.74,49944520658133.33,1.0,0.0,0.0
12095199857201.459,-167106039795724.28,-10519458064704.656,-105844502731745.05,-34438470635507.316,313582441808287.75,24651482497365.625,-140688409695031.94,27312313948410.49,-48900032662760.45,14503195553968.28,51115248106512.88,85596526180899.36,1.0,0.0,0.0
8654283810749.357,-212933973674479.78,22413317685601.652,91008237439656.67,11582909042573.025,622846113244987.8,100065769322857.52,-99250124655237.72,55389656615560.805,87657952127470.66,40856490864363.74,5136768358010.727,159871537686661.94,1.0,0.0,0.0
6874499648791.364,-172198032448919.34,-437996100325.1835,-11960888188461.107,57604288720653.37,499140644670307.7,95147446269021.08,-195939456414757.66,25206513248374.21,251527533875748.03,23287627324100.113,14018974673062.277,228204548271963.5,1.0,0.0,0.0
8061022423430.019,-128916094896761.3,-437996100325.1835,-69502458392409.37,39195736849421.234,110352029149884.98,54161420820384.18,80315777183870.8,26610380381731.73,-166339899582359.25,47884036280469.21,13496491948647.492,72227024109862.1,1.0,0.0,0.0
9010240643140.947,-205295984694687.2,22413317685601.652,153126591317.41702,296915463046671.1,578665588754030.8,58260023365247.89,190817870623322.22,-16909500752351.27,46690556690401.35,51397808988521.945,20288767366039.85,145016535385509.44,1.0,0.0,0.0
6043933706544.3,-136554083876553.89,19052830364141.81,-14989391883405.793,94421392463117.64,48499294862545.14,41045892676820.36,-99250124655237.72,-3572762985454.8677,-117179025057876.0,25044513678126.48,13496491948647.492,103422528942282.38,1.0,0.0,0.0
5687976874152.709,-134008087549956.36,2922491221134.6606,30438163540763.836,2378633106956.957,357762966299245.1,77933315580593.58,-140688409695031.94,18889111148265.4,5723161253331.92,14503195553968.28,44845455413535.336,51430020888248.58,1.0,0.0,0.0
3314931324875.3784,-177290025102114.4,31822682185689.145,-120987021206468.27,94421392463117.64,269401917317330.78,53341700311411.46,-30186316255580.53,-16207567185672.51,-62555831141783.63,23287627324100.113,8794147428914.3,39546019047326.57,1.0,0.0,0.0
585928943206.4788,-174744028775516.88,12331855721222.152,-45274428832852.21,-16029918764275.18,136860343844459.48,32848687587093.01,-99250124655237.72,-10592098652242.455,-110351125818364.47,28558286386179.215,-5312886130285.229,106393529402512.89,1.0,0.0,0.0
823233498134.2054,-212933973674479.78,-17912530171916.266,-120987021206468.27,-16029918764275.18,92679819353502.11,50062818275520.51,-113062886335169.06,-15505633618993.752,-185458017452991.56,39099604510337.375,4091802909181.1313,81140025490553.61,1.0,0.0,0.0
14468245406478.79,421019111648305.06,9643465864054.29,-190642606190195.03,260098359304206.88,622846113244987.8,82851638634430.02,-223564979774620.47,34331649615198.074,5723161253331.92,-11850099756427.201,47980351760024.1,3894013524560.5312,1.0,0.0,0.0
6637195093863.638,-159468050815931.7,-3798483421784.9976,-99787495341855.78,158851324012430.12,755387686717859.0,103344651358748.47,-30186316255580.53,52581922348845.77,146377885587270.0,-1308781632269.0208,40143110893802.14,14292515135367.291,1.0,0.0,0.0
4857410931905.645,382829166749342.0,-16568335243332.334,-21046399273295.055,-89664126249203.73,136860343844459.48,53341700311411.46,-126875648015100.5,-7784364385527.421,-106254386274657.52,-8336327048374.468,20288767366039.85,85596526180899.36,1.0,0.0,0.0
10434067972707.35,-113640116937176.16,15020245578390.016,-136129539681191.47,11582909042573.025,843748735699773.4,125477105101012.39,-265003264814414.75,7658174081405.257,50787296234108.195,-13606986110453.568,49547799933268.5,103422528942282.38,1.0,0.0,0.0
2840322215019.925,418473115321707.44,-5142678350368.93,-60416947307575.42,29991460913805.164,304746336910096.5,49243097766547.75,-57811839615443.41,4850439814690.222,-95329747491439.02,-24148304234611.77,20288767366039.85,-19873990157283.492,1.0,0.0,0.0
585928943206.4788,-144192072856346.47,-17912530171916.266,-75559465782298.62,66808564656269.44,622846113244987.8,79572756598539.06,-113062886335169.06,30821981781804.266,-2470317834081.8936,-13606986110453.568,38575662720557.76,41031519277441.82,1.0,0.0,0.0
14349593129014.926,433749093281292.6,4938783614010.543,-18017895578350.477,103625668398733.72,490304539772116.44,50882538784493.23,-85437362975306.28,-23928836419138.855,24841279123964.35,-15363872464479.936,37530697271728.164,98966028251936.62,1.0,0.0,0.0
16366681845900.645,319179258584403.8,-5814775814660.91,-105844502731745.05,20787184978189.094,843748735699773.4,93508005251075.61,-126875648015100.5,42052918848664.41,-21588435704714.207,14503195553968.28,43278007240290.93,94509527561590.88,1.0,0.0,0.0
10671372527635.076,-167106039795724.28,-16568335243332.334,-105844502731745.05,11582909042573.025,711207162226902.1,111541856448475.86,-209752218094689.1,38543251015270.625,142281146043563.03,-8336327048374.468,37530697271728.164,70741523879746.84,1.0,0.0,0.0
13044418076912.387,-80542164691408.25,2250393756842.6797,-21046399273295.055,29991460913805.164,401943490790202.1,73014992526757.16,-57811839615443.41,55389656615560.805,155936944522586.22,19773854616047.38,7226699255669.918,93024027331475.62,1.0,0.0,0.0
11145981637490.53,-154376058162736.6,-6486873278952.86,-63445451002520.11,76012840591885.5,516812854466690.56,123837664083066.92,-57811839615443.41,34331649615198.074,524643503456210.25,28558286386179.215,25513594610187.83,152444036536085.7,1.0,0.0,0.0
585928943206.4788,-154376058162736.6,-21945114957668.06,-214870635749752.16,-71255574377971.6,375435176095628.0,101705210340802.98,-265003264814414.75,92592135649535.02,292494929312817.3,28558286386179.215,15586422846306.682,119763031473550.14,1.0,0.0,0.0
9840806585388.012,-174744028775516.88,15692343042681.996,-69502458392409.37,-52847022506739.45,136860343844459.48,78753036089566.34,-195939456414757.66,49072254515451.99,74002153648447.47,49640922634495.58,39620628169387.36,153929536766200.94,1.0,0.0,0.0
9722154307924.148,-149284065509541.53,3594588685426.6113,-166414576630637.88,103625668398733.72,1400423344285833.0,140232074262521.69,-57811839615443.41,19591044714944.156,272011231594282.62,9232536491889.18,33873318200824.57,131647033314472.16,1.0,0.0,0.0
9128892920604.81,-111094120610578.62,21069122757017.723,-72530962087353.95,140442772141197.98,622846113244987.8,62358625910111.57,38877492144076.57,6254306948047.739,169592743001609.28,30315172740205.543,16631388295136.277,186610541828736.47,1.0,0.0,0.0
8772936088213.221,-169652036122321.8,-7831068207536.792,-93730487951966.53,168055599948046.2,269401917317330.78,71375551508811.67,-209752218094689.1,2042705547975.2026,108141649846005.25,-6579440694348.102,30738421854335.805,93024027331475.62,1.0,0.0,0.0
6637195093863.638,-154376058162736.6,6282978542594.475,30438163540763.836,149647048076814.06,587501693652222.0,61538905401138.81,-223564979774620.47,60303191582312.13,162764843762097.75,3961877429810.0796,21856215539284.234,110850030092858.64,1.0,0.0,0.0
14468245406478.79,-162014047142529.22,-4470580886076.979,-96758991646911.11,168055599948046.2,799568211208816.4,79572756598539.06,-140688409695031.94,30821981781804.266,180517381784827.78,-3065667986295.3877,36485731822898.57,66285023189401.09,1.0,0.0,0.0
3433583602339.2417,-93272146324395.9,21069122757017.723,-81616473172187.89,20787184978189.094,622846113244987.8,98426328304912.03,-71624601295374.84,4850439814690.222,128625347564539.97,19773854616047.38,11929043775403.086,155415036996316.2,1.0,0.0,0.0
8535631533285.493,-230755947960662.5,8971368399762.338,-84644976867132.58,76012840591885.5,976290309172644.8,134494030699712.5,-237377741454551.9,31523915348483.04,237871735396724.84,-11850099756427.201,13496491948647.492,159871537686661.94,1.0,0.0,0.0
-7482425924336.421,-355509767963941.44,-67647742529521.69,-269383702258755.72,-108072678120435.86,-278436586370537.72,-119619327081836.28,-113062886335169.06,-82189322453475.8,-424434490835896.0,16260081907994.646,-41364194114906.23,-67409997520971.54,0.0,1.0,0.0
-7957035034191.874,-314773826738380.94,-5814775814660.91,-105844502731745.05,11582909042573.025,-216583852083197.88,-76993860615253.88,370383772462430.7,-82891256020154.55,-244177950912790.97,51397808988521.945,-49201434981128.195,-19873990157283.492,0.0,1.0,0.0
-4278814432812.025,-248577922246845.16,-23289309886251.992,-81616473172187.89,2378633106956.957,-243092166777771.97,-50762804328126.28,232256155663116.5,-68150651119900.625,94485851366982.19,3961877429810.0796,-53381296776446.56,-88207000742585.06,0.0,1.0,0.0
7942370145966.155,-276583881839418.0,-30010284529171.65,-45274428832852.21,-52847022506739.45,-172403327592240.5,-19613424987162.227,-57811839615443.41,-60429381886434.28,-171802218973968.5,47884036280469.21,-7925299752359.206,-34728992458436.008,0.0,1.0,0.0
-7482425924336.421,-307135837758588.4,-13879945386164.47,-14989391883405.793,-117276954056051.94,1064651358154559.0,87769961688266.45,-237377741454551.9,19591044714944.156,-83039528860318.23,46127149926442.84,13496491948647.492,-97120002123276.58,0.0,1.0,0.0
-9855471473613.73,-225663955307467.44,10987660792638.22,-14989391883405.793,39195736849421.234,-357961530454260.6,-22892307023053.184,121754062223665.11,-39371374886071.53,-287876506045664.9,86535536069049.23,-19942402413899.543,-116431505114774.84,0.0,1.0,0.0
-7482425924336.421,-286767867145808.1,13003953185514.133,-42245925137907.52,-16029918764275.18,110352029149884.98,50882538784493.23,11251968784213.697,34331649615198.074,-62555831141783.63,40856490864363.74,-16285023342995.97,-20468190249329.594,0.0,1.0,0.0
1297842607989.659,-337687793677758.7,-44796428743594.88,-136129539681191.47,-200115437476596.56,605173903448604.9,94327725760048.36,-140688409695031.94,48370320948773.22,33034758211378.168,28558286386179.215,29693456405506.21,-72757798349386.45,0.0,1.0,0.0
-7482425924336.421,-296951852452198.25,-30010284529171.65,3181630286262.102,-200115437476596.56,-163567222694049.28,-2399294298734.7334,-126875648015100.5,-38669441319392.77,-51631192358565.14,28558286386179.215,45367938137950.125,-70380997981202.05,0.0,1.0,0.0
4026844989658.58,-355509767963941.44,-437996100325.1835,-75559465782298.62,94421392463117.64,207549183029990.56,-59779729926826.39,259881679022979.38,-82189322453475.8,-257833749391814.1,10989422845915.547,-35616884146343.47,923013064330.0281,0.0,1.0,0.0
-9380862363758.256,-291859859799003.2,-41435941422135.055,-81616473172187.89,471796705823376.44,-393305950047026.1,-61419170944771.87,-306441549854209.0,63812859415705.914,-301532304524688.0,56668468050601.04,23946146436943.426,-8584188408407.582,0.0,1.0,0.0
-8431644144047.349,-184928014081906.94,-10519458064704.656,27409659845819.152,29991460913805.164,-1056013817411383.1,-82731904178063.05,11251968784213.697,-9188231518884.938,-274220707566641.84,-9039081589985.016,-41364194114906.23,36575018587096.06,0.0,1.0,0.0
10196763417779.602,-210387977347882.25,20397025292725.742,166720829813272.72,-126481229991668.0,578665588754030.8,68096669472920.72,-209752218094689.1,19591044714944.156,-229156572585865.56,70723558882811.98,28648490956676.617,-100091002583507.08,0.0,1.0,0.0
5806629151616.572,-172198032448919.34,-8503165671828.743,136435792863826.3,-117276954056051.94,-366797635352452.06,-15514822442298.535,-126875648015100.5,-39371374886071.53,-179995698061382.3,3961877429810.0796,8794147428914.3,-81670799730077.95,0.0,1.0,0.0
-125984721576.72261,-169652036122321.8,15692343042681.996,318146014560504.8,361345394595983.6,887929260190730.4,70555830999838.95,-209752218094689.1,25908446815052.97,-233253312129572.47,61939127112680.14,46412903586779.72,70741523879746.84,0.0,1.0,0.0
-12347169300354.904,-317319823064978.44,-4470580886076.979,45580682015487.05,11582909042573.025,958618099376261.9,9076792826883.607,-320254311534140.44,4148506248011.4634,-252371430000204.84,5718763783836.446,27081042783432.21,41328619323464.87,0.0,1.0,0.0
-15906737624270.889,-116186113263773.69,-30010284529171.65,-105844502731745.05,-25234194699891.25,-605372467603620.4,-37647276184562.46,-30186316255580.53,-30948172085926.445,-171802218973968.5,47884036280469.21,-24644746933632.71,-94743201755092.17,0.0,1.0,0.0
348624388278.7309,-365693753270331.56,-44124331279302.914,-105844502731745.05,-126481229991668.0,-304944901065112.0,59867228183.46433,-168313933054894.8,-9188231518884.938,-62555831141783.63,40856490864363.74,-6880334303529.61,-105438803411921.98,0.0,1.0,0.0
-13770996629921.307,140959515722576.8,-9175263136120.725,-45274428832852.21,112829944334349.78,-508175313723514.8,-58140288908880.914,94128538863802.23,-44986843419501.6,-328843901482734.25,448104721757.34595,-4790403405870.419,-73351998441432.55,0.0,1.0,0.0
-7957035034191.874,-342779786330953.75,-27993992136295.75,-142186547071080.72,333732566789135.44,-349125425556069.2,-14695101933325.795,-16373554575649.174,82063132149353.61,-226425412890060.94,18016968262021.01,-15762540618581.16,923013064330.0281,0.0,1.0,0.0
-3566900768028.8447,390467155729134.7,2250393756842.6797,106150755914379.89,11582909042573.025,472632329975733.56,42685333694765.84,94128538863802.23,25206513248374.21,-339768540265952.75,40856490864363.74,27081042783432.21,-84344700144285.4,0.0,1.0,0.0
-11872560190499.45,-360601760617136.5,-24633504814835.92,-14989391883405.793,-126481229991668.0,110352029149884.98,18913438934556.438,-85437362975306.28,-11294032218921.215,-349327599201268.94,74237331590864.67,26558560059017.426,-139308208658549.72,0.0,1.0,0.0
-3329596213101.097,-134008087549956.36,-11191555528996.607,-21046399273295.055,-126481229991668.0,-84042278610326.17,41045892676820.36,-140688409695031.94,12571709048156.568,-158146420494945.38,35585831802284.64,27603525507847.02,-9772588592499.783,0.0,1.0,0.0
-10923341970788.521,-307135837758588.4,9643465864054.29,136435792863826.3,-200115437476596.56,-260764376574154.84,-36827555675589.72,52690253824008.0,-13399832918957.49,-390294994638338.25,61939127112680.14,5659251082425.536,-34728992458436.008,0.0,1.0,0.0
585928943206.4788,387921159402537.06,-3126385957493.047,91008237439656.67,-135685505927284.08,-570028048010854.9,-36007835166616.984,342758249102567.9,2042705547975.2026,-35244234183737.39,-20634531526559.035,-31437022351025.094,-68895497751086.79,0.0,1.0,0.0
-13770996629921.307,-368239749596929.0,14348148114098.064,-45274428832852.21,-52847022506739.45,-84042278610326.17,14814836389692.762,-195939456414757.66,53283855915524.55,-274220707566641.84,-29418963296690.85,24468629161358.234,-67409997520971.54,0.0,1.0,0.0
-3922857600420.435,-345325782657551.3,-8503165671828.743,-45274428832852.21,-6825642828659.111,-84042278610326.17,-7317617352571.166,-85437362975306.28,-9188231518884.938,-332940641026441.2,47884036280469.21,28648490956676.617,-88207000742585.06,0.0,1.0,0.0
-9974123751077.594,-184928014081906.94,-3798483421784.9976,100093748524490.62,-89664126249203.73,-455158684334366.2,-27810630076889.613,94128538863802.23,-2168895852097.35,-356155498440780.44,65452899820732.875,-18374954240655.16,-74837498671547.8,0.0,1.0,0.0
-16025389901734.752,-169652036122321.8,17036537971265.928,197005866762719.16,-108072678120435.86,-331453215759686.3,-34368394148671.508,52690253824008.0,-17611434319030.027,-335671800722245.8,70723558882811.98,31260904578750.594,-54931795588003.43,0.0,1.0,0.0
-16144042179198.615,-70358179385018.125,6282978542594.475,63751704185154.94,-144889781862900.12,-304944901065112.0,-27810630076889.613,163192347263459.34,-16909500752351.27,-308360203764199.6,7475650137862.8125,7226699255669.918,-19873990157283.492,0.0,1.0,0.0
-10923341970788.521,-256215911226637.75,-4470580886076.979,124321778084047.78,-273749644961525.1,-84042278610326.17,-36007835166616.984,80315777183870.8,-14803700052315.008,-453111667641844.56,19773854616047.38,31260904578750.594,-36214492688551.26,0.0,1.0,0.0
-10923341970788.521,-128916094896761.3,-3126385957493.047,-30131910358129.004,-172502609669748.34,-614208572501811.8,-43385319747371.63,218443393983185.06,3446572681332.7046,-362983397680292.06,21530740970073.746,-17852471516240.35,-79293999361893.55,0.0,1.0,0.0
-11872560190499.45,-210387977347882.25,3594588685426.6113,75865718964933.47,-126481229991668.0,-746750145974683.2,-63878332471690.08,190817870623322.22,2744639114653.946,-199113815932014.7,16260081907994.646,2001872011521.9404,-88207000742585.06,0.0,1.0,0.0
-3685553045492.708,-205295984694687.2,-7158970743244.842,36495170930653.1,-181706885605364.4,-808602880262023.4,-46664201783262.586,301319964062773.56,2042705547975.2026,-274220707566641.84,448104721757.34595,-28824608728951.094,-74837498671547.8,0.0,1.0,0.0
-8431644144047.349,125683537762991.62,-9847360600412.676,-45274428832852.21,-108072678120435.86,136860343844459.48,18093718425583.715,-154501171374963.38,28014247515089.246,-397122893877849.8,33828945448258.273,35963249098483.76,-135743008106273.11,0.0,1.0,0.0
-16381346734126.363,-88180153671200.84,-5814775814660.91,-45274428832852.21,-16029918764275.18,640518323041370.6,18913438934556.438,-265003264814414.75,-16909500752351.27,-246909110608595.6,35585831802284.64,18198836468380.66,-119402505575005.34,0.0,1.0,0.0
-6295903149697.745,-207841981021284.72,-11191555528996.607,-14989391883405.793,573043741115153.2,181040868335416.44,19733159443529.19,-57811839615443.41,118563677616649.03,-335671800722245.8,35585831802284.64,956906562692.3447,56480721670640.44,0.0,1.0,0.0
-14126953462312.896,-55082201425432.94,25101707542769.516,60723200490210.26,315324014917903.3,-614208572501811.8,-85191065704981.27,-306441549854209.0,-2168895852097.35,-349327599201268.94,-1308781632269.0208,-18374954240655.16,-36214492688551.26,0.0,1.0,0.0
-8431644144047.349,-235847940613857.56,-25977699743419.855,-105844502731745.05,-135685505927284.08,225221392826373.44,38586731149902.164,-99250124655237.72,12571709048156.568,-294704405285176.5,47884036280469.21,6704216531255.132,-94743201755092.17,0.0,1.0,0.0
-7482425924336.421,-322411815718173.5,-17912530171916.266,-30131910358129.004,-108072678120435.86,1082323567950941.9,141051794771494.4,-168313933054894.8,25206513248374.21,-76211629620806.7,14503195553968.28,8271664704499.514,-25815991077744.5,0.0,1.0,0.0
-8431644144047.349,212247412867307.6,-10519458064704.656,-45274428832852.21,-108072678120435.86,490304539772116.44,78753036089566.34,121754062223665.11,85572799982747.42,-376639196159315.2,81264877006970.14,11406561050988.3,-101279402767599.28,0.0,1.0,0.0
-10923341970788.521,-65266186731823.06,-44796428743594.88,-60416947307575.42,-25234194699891.25,-57533963915752.06,11535954353801.807,-140688409695031.94,-13399832918957.49,-240081211369084.06,54911581696574.68,18198836468380.66,-10960988776591.984,0.0,1.0,0.0
-4753423542667.5,-253669914900040.22,-31354479457755.582,-30131910358129.004,-108072678120435.86,-746750145974683.2,-54861406872989.95,-99250124655237.72,-16909500752351.27,-356155498440780.44,14503195553968.28,8271664704499.514,-54931795588003.43,0.0,1.0,0.0
-7838382756728.011,28935677352285.543,6282978542594.475,45580682015487.05,-16029918764275.18,234057497724565.06,6617631299965.374,-30186316255580.53,-19717235019066.305,-308360203764199.6,-27662076942664.484,40143110893802.14,-91772201294861.67,0.0,1.0,0.0
-14008301184849.033,-156922054489334.16,-32698674386339.51,153126591317.41702,-126481229991668.0,181040868335416.44,-31909232621753.31,11251968784213.697,-11995965785599.973,-409413112508970.6,-3065667986295.3877,-8970265201188.8,-98605502353391.83,0.0,1.0,0.0
-5821294039842.291,-154376058162736.6,-25977699743419.855,30438163540763.836,-135685505927284.08,-84042278610326.17,-8957058370516.643,-57811839615443.41,-7784364385527.421,-289242085893567.25,14503195553968.28,50070282657683.29,-22250790525467.895,0.0,1.0,0.0
-6889164537017.083,54395640618260.74,-6486873278952.86,75865718964933.47,-89664126249203.73,-543519733316280.5,-15514822442298.535,411822057502225.0,-11995965785599.973,-322016002243222.7,-17120758818506.303,35963249098483.76,-128315506955696.86,0.0,1.0,0.0
-8906253253902.803,-154376058162736.6,-16568335243332.334,-14989391883405.793,-181706885605364.4,-570028048010854.9,59867228183.46433,11251968784213.697,2744639114653.946,-226425412890060.94,7475650137862.8125,29170973681091.402,-70380997981202.05,0.0,1.0,0.0
-3329596213101.097,-149284065509541.53,-5814775814660.91,91008237439656.67,-144889781862900.12,-808602880262023.4,-22072586514080.445,163192347263459.34,2744639114653.946,-240081211369084.06,-13606986110453.568,-10015230650018.396,-76917198993709.16,0.0,1.0,0.0
-9262210086294.393,-266399896533027.88,-28666089600587.72,-14989391883405.793,-71255574377971.6,57335399760736.38,879587737156.2212,38877492144076.57,34331649615198.074,-322016002243222.7,-17120758818506.303,21333732814869.445,-129206807093766.0,0.0,1.0,0.0
-16499999011590.227,-251123918573442.7,22413317685601.652,15295645066040.627,-52847022506739.45,393107385892010.9,73014992526757.16,-99250124655237.72,63110925849027.17,-328843901482734.25,448104721757.34595,33873318200824.57,-19873990157283.492,0.0,1.0,0.0
-18279783173548.2,357369203483366.8,-36731259172091.29,153126591317.41702,66808564656269.44,781896001412433.5,45144495221684.08,-168313933054894.8,139621684617011.8,-294704405285176.5,-36446508712796.32,10361595602158.705,-54931795588003.43,0.0,1.0,0.0
-5702641762378.428,23843684699090.48,-13207847921872.52,45580682015487.05,-108072678120435.86,225221392826373.44,19733159443529.19,-140688409695031.94,-26034637119175.133,-417606591596384.5,-10093213402400.836,8794147428914.3,-125344506495466.34,0.0,1.0,0.0
-14720214849632.234,87493592864028.72,37199461900024.875,15295645066040.627,29991460913805.164,-481666999028940.5,59867228183.46433,328945487422636.44,-37967507752714.016,-171802218973968.5,47884036280469.21,-5835368854700.015,-41562293516966.164,0.0,1.0,0.0
-18873044560867.535,-406429694495892.0,8971368399762.338,45580682015487.05,-108072678120435.86,163368658539033.6,-1579573789762.013,80315777183870.8,-10592098652242.455,-270123968022934.88,25044513678126.48,-15762540618581.16,-92960601478953.86,0.0,1.0,0.0
-10923341970788.521,-240939933267052.62,8971368399762.338,91008237439656.67,-144889781862900.12,234057497724565.06,21372600461474.67,94128538863802.23,-38669441319392.77,-294704405285176.5,-4822554340321.734,30215939129920.996,-107518503734083.33,0.0,1.0,0.0
-23381831104494.45,-210387977347882.25,-11191555528996.607,60723200490210.26,-135685505927284.08,145696448742650.72,11535954353801.807,218443393983185.06,29418114648446.75,-431262390075407.6,132214581273734.73,13496491948647.492,-100982302721576.22,0.0,1.0,0.0
-14008301184849.033,-220571962654272.38,-25305602279127.887,39523674625597.78,-126481229991668.0,-278436586370537.72,-35188114657644.24,-85437362975306.28,-4274696552133.6265,-424434490835896.0,-1308781632269.0208,37530697271728.164,-74837498671547.8,0.0,1.0,0.0
-6889164537017.083,-184928014081906.94,-11863652993288.588,91008237439656.67,76012840591885.5,-260764376574154.84,4978190282019.896,-30186316255580.53,1340771981296.4438,-409413112508970.6,18016968262021.01,18198836468380.66,-119402505575005.34,0.0,1.0,0.0
-2736334825781.7803,278443317358843.4,-25977699743419.855,-105844502731745.05,-181706885605364.4,-587700257807237.8,-63878332471690.08,94128538863802.23,-53410046219646.7,-226425412890060.94,-45230940482928.15,-25689712382462.31,-111380804332382.98,0.0,1.0,0.0
-11872560190499.45,278443317358843.4,-24633504814835.92,-14989391883405.793,-117276954056051.94,-260764376574154.84,-31909232621753.31,11251968784213.697,19591044714944.156,-515928340645350.8,-4822554340321.734,22901180988113.83,-54337595495957.33,0.0,1.0,0.0
-18398435451012.082,16205695719297.83,3594588685426.6113,15295645066040.627,-34438470635507.316,534485064263073.4,62358625910111.57,-57811839615443.41,16783310448229.121,-246909110608595.6,-27662076942664.484,40665593618216.95,-36214492688551.26,0.0,1.0,0.0
-17093260398909.543,-72904175711615.72,58034483293075.8,272718459136335.2,177259875883662.25,781896001412433.5,250074622464868.56,149379585583527.9,19591044714944.156,128625347564539.97,-4822554340321.734,56340075350660.86,-83750500052239.31,0.0,1.0,0.0
-6889164537017.083,533042950018596.2,24429610078477.535,212148385237442.34,20787184978189.094,-84042278610326.17,8257072317910.852,94128538863802.23,8360107648084.016,-406681952813166.0,-6579440694348.102,26558560059017.426,-113460504654544.34,0.0,1.0,0.0
585928943206.4788,881844446762457.8,-15896237779040.383,60723200490210.26,-126481229991668.0,287074127113713.6,50882538784493.23,-85437362975306.28,29418114648446.75,-335671800722245.8,-39960281420849.05,25513594610187.83,-109004003964198.58,0.0,1.0,0.0
-13415039797529.717,502490994099425.8,1578296292550.7288,45580682015487.05,-163298333734132.28,499140644670307.7,82031918125457.27,-209752218094689.1,92592135649535.02,-308360203764199.6,-36446508712796.32,53727661728586.88,-109004003964198.58,0.0,1.0,0.0
-11041994248252.385,-44898216119042.81,-13207847921872.52,45580682015487.05,-135685505927284.08,269401917317330.78,50882538784493.23,11251968784213.697,-16909500752351.27,-313822523155808.9,-17120758818506.303,34918283649654.164,-109598204056244.69,0.0,1.0,0.0
-6770512259553.22,-205295984694687.2,-5142678350368.93,60723200490210.26,-126481229991668.0,393107385892010.9,91868564233130.12,38877492144076.57,12571709048156.568,-152684101103336.12,-46987826836954.516,11929043775403.086,-117322805252843.98,0.0,1.0,0.0
-14364258017240.645,-52536205098835.46,27790097399937.35,272718459136335.2,-71255574377971.6,-145895012897666.4,17273997916610.996,301319964062773.56,11869775481477.81,-281048606806153.38,2204991075783.713,-8970265201188.8,-83453400006216.25,0.0,1.0,0.0
-7482425924336.421,-179836021428711.94,-4470580886076.979,151578311338549.5,-108072678120435.86,-66370068813943.3,34488128605038.49,52690253824008.0,21696845414980.418,-401219633421556.75,-11850099756427.201,8794147428914.3,-120293805713074.5,0.0,1.0,0.0
-11397951080643.996,499944997772828.4,906198828258.7482,75865718964933.47,-181706885605364.4,-172403327592240.5,-22892307023053.184,80315777183870.8,-16909500752351.27,-335671800722245.8,-29418963296690.85,-2177989783796.442,-49583994759588.52,0.0,1.0,0.0
-1668464328606.9888,-251123918573442.7,-3126385957493.047,-45274428832852.21,204872703690510.47,-693733516585534.8,-63878332471690.08,-209752218094689.1,-45688776986180.37,-130834823536899.19,-34689622358769.95,-69055778508890.484,-34728992458436.008,0.0,0.0,1.0
-1431159773679.2407,166419478988552.12,2250393756842.6797,15295645066040.627,39195736849421.234,-879291719447554.6,-66337493998608.3,-168313933054894.8,-53410046219646.7,46690556690401.35,-38203395066822.68,-62263503091498.125,-64438997060741.04,0.0,0.0,1.0
-2261725715926.3057,-6708271220079.896,2250393756842.6797,136435792863826.3,-16029918764275.18,-1011833292920426.1,-76993860615253.88,-126875648015100.5,-53410046219646.7,87657952127470.66,-52258485899033.6,-65398399437986.91,-55525995680049.53,0.0,0.0,1.0
-3566900768028.8447,308995273278013.7,-437996100325.1835,60723200490210.26,57604288720653.37,-525847523519897.6,-67976935016553.77,-265003264814414.75,-52708112652967.945,-7932637225691.143,-31175849650717.215,-69055778508890.484,-43641993839127.516,0.0,0.0,1.0
-5821294039842.291,-279129878166015.53,-7831068207536.792,-60416947307575.42,-135685505927284.08,-260764376574154.84,-118799606572863.52,328945487422636.44,-23928836419138.855,53518455929912.88,-36446508712796.32,-57561158571764.945,-28786991537975.004,0.0,0.0,1.0
-4753423542667.5,31481673678883.02,-11191555528996.607,-30131910358129.004,-52847022506739.45,-596536362705428.9,-112241842501081.61,370383772462430.7,-45688776986180.37,278839130833794.16,-39960281420849.05,-53903779500861.37,-15417489466937.738,0.0,0.0,1.0
-8906253253902.803,606876843489924.6,11659758256930.201,45580682015487.05,-98868402184819.8,-808602880262023.4,-127816532171563.64,232256155663116.5,-55515846919682.97,-164974319734456.9,-36446508712796.32,-70100743957720.086,-7989988316361.481,0.0,0.0,1.0
-5583989484914.564,808010553291129.4,18380732899849.86,166720829813272.72,-34438470635507.316,-446322579436174.75,-117160165554918.05,370383772462430.7,-34457839919320.223,-7932637225691.143,-24148304234611.77,-48156469532298.6,-68895497751086.79,0.0,0.0,1.0
5806629151616.572,319179258584403.8,-11863652993288.588,153126591317.41702,-108072678120435.86,-596536362705428.9,-126996811662590.9,301319964062773.56,-49900378386252.91,87657952127470.66,-25905190588638.117,-41364194114906.23,-49583994759588.52,0.0,0.0,1.0
-1905768883534.7153,158781490008759.47,16364440506973.947,136435792863826.3,11582909042573.025,21990980167970.645,-117160165554918.05,232256155663116.5,-54813913353004.21,-18857276008909.64,-11850099756427.201,-24122264209217.926,-46612994299358.02,0.0,0.0,1.0
-837898386359.924,120591545109796.56,22413317685601.652,45580682015487.05,-34438470635507.316,-667225201890960.4,-125357370644645.42,232256155663116.5,-59025514753076.766,-62555831141783.63,-32932736004743.582,-15762540618581.16,-43641993839127.516,0.0,0.0,1.0
4264149544586.3066,56941636944858.336,-1110093564617.1343,15295645066040.627,-98868402184819.8,-790930670465640.5,-125357370644645.42,11251968784213.697,-66746783986543.1,74002153648447.47,-45230940482928.15,-7402817027944.396,9836014445021.537,0.0,0.0,1.0
6162585984008.163,212247412867307.6,23757512614185.586,121293274389103.1,-25234194699891.25,-658389096992769.0,-123717929626699.95,190817870623322.22,-73064186086651.92,-96695327339341.4,-11850099756427.201,-28824608728951.094,-67409997520971.54,0.0,0.0,1.0
7349108758646.817,665434759001667.9,-1110093564617.1343,15295645066040.627,-71255574377971.6,-260764376574154.84,-100765755375463.28,149379585583527.9,-40073308452750.3,-89867428099829.77,-8336327048374.468,-29347091453365.902,-58496996140280.03,0.0,0.0,1.0
-8906253253902.803,393013152055732.1,-11191555528996.607,-30131910358129.004,112829944334349.78,-808602880262023.4,-102405196393408.77,-99250124655237.72,-31650105652605.203,430418493950950.8,-54015372253059.96,-31959505075439.88,32118517896750.31,0.0,0.0,1.0
1891103995308.9968,314087265931208.75,-14552042850456.451,45580682015487.05,20787184978189.094,-702569621483726.1,-121258768099781.73,94128538863802.23,-20419168585745.062,-144490622015922.25,-62799804023191.8,-48678952256713.4,24691016746174.05,0.0,0.0,1.0
10434067972707.35,688348725941045.6,-9175263136120.725,15295645066040.627,-181706885605364.4,-1162047076189680.2,-138472898788209.23,52690253824008.0,-63939049719828.07,-21588435704714.207,-66313576731244.53,-66965847611231.3,-98605502353391.83,0.0,0.0,1.0
-1549812051143.1252,578870883897351.9,7627173471178.406,60723200490210.26,-126481229991668.0,-525847523519897.6,-113061563010054.36,149379585583527.9,-51304245519610.43,353946022468421.4,-73341122147349.98,-39274263217247.04,-36214492688551.26,0.0,0.0,1.0
3789540434730.853,230069387153490.38,906198828258.7482,60723200490210.26,-71255574377971.6,-322617110861494.9,-104044637411354.23,121754062223665.11,-23928836419138.855,459095670756899.25,-71584235793323.61,-51813848603202.17,-28786991537975.004,0.0,0.0,1.0
941885775598.0688,398105144708927.2,-437996100325.1835,60723200490210.26,122034220269965.84,-782094565567449.0,-52402245346071.76,-30186316255580.53,-31650105652605.203,592922495851325.8,-68070463085270.9,-66965847611231.3,-58496996140280.03,0.0,0.0,1.0
5925281429080.437,199517431234319.97,17036537971265.928,136435792863826.3,214076979626126.53,-790930670465640.5,-37647276184562.46,-195939456414757.66,-23928836419138.855,483676108019140.8,-64556690377218.164,-68533295784475.69,-73351998441432.55,0.0,0.0,1.0
-2499030270854.053,84947596537431.12,7627173471178.406,75865718964933.47,112829944334349.78,-720241831280109.0,-54861406872989.95,-168313933054894.8,-23226902852460.098,784103674557649.4,-83882440271508.19,-59651089469424.14,-79293999361893.55,0.0,0.0,1.0
1297842607989.659,-111094120610578.62,25773805007061.47,181863348287995.94,149647048076814.06,-84042278610326.17,-61419170944771.87,-140688409695031.94,-2168895852097.35,278839130833794.16,-61042917669165.43,-66965847611231.3,-95634501893161.31,0.0,0.0,1.0
2721669937556.0615,245345365113075.44,-5814775814660.91,-30131910358129.004,-16029918764275.18,-437486474537983.3,-98306593848545.06,342758249102567.9,19591044714944.156,745867438816384.5,-69827349439297.24,-57561158571764.945,-21359490387398.746,0.0,0.0,1.0
-4990728097595.227,-266399896533027.88,-17912530171916.266,15295645066040.627,29991460913805.164,-720241831280109.0,-118799606572863.52,232256155663116.5,-13399832918957.49,347118123228909.7,-66313576731244.53,-55471227674105.76,-31757991998205.504,0.0,0.0,1.0
2009756272772.8604,726538670840008.6,-3126385957493.047,75865718964933.47,-62051298442355.52,-490503103927131.94,-114701004027999.84,342758249102567.9,-2870829418776.109,388085518665979.1,-62799804023191.8,-59128606745009.34,-6504488086246.2295,0.0,0.0,1.0
9959458862851.875,454117063894072.9,906198828258.7482,153126591317.41702,-98868402184819.8,-437486474537983.3,-98306593848545.06,163192347263459.34,-2168895852097.35,539664881783135.56,-68070463085270.9,-50768883154372.586,-79293999361893.55,0.0,0.0,1.0
-6533207704625.492,176603464294942.16,18380732899849.86,227290903712165.56,-25234194699891.25,-349125425556069.2,-118799606572863.52,370383772462430.7,-31650105652605.203,333462324749886.6,-50501599545007.234,-46066538634639.41,39546019047326.57,0.0,0.0,1.0
15892072736045.17,-167106039795724.28,22413317685601.652,166720829813272.72,-16029918764275.18,446124015281159.06,-58960009417853.65,232256155663116.5,77851530749281.1,1084531241096157.8,-68070463085270.9,-34049435973099.07,-25815991077744.5,0.0,0.0,1.0
5687976874152.709,-169652036122321.8,18380732899849.86,91008237439656.67,-98868402184819.8,269401917317330.78,-76174140106281.14,218443393983185.06,49072254515451.99,913833760108368.9,-68070463085270.9,-43454125012565.42,-37699992918666.51,0.0,0.0,1.0
-7601078201800.284,380283170422744.56,906198828258.7482,45580682015487.05,-108072678120435.86,4318770371587.777,-90929109267790.44,190817870623322.22,-38669441319392.77,353946022468421.4,-69827349439297.24,-53903779500861.37,-67409997520971.54,0.0,0.0,1.0
8179674700893.883,235161379806685.3,11659758256930.201,15295645066040.627,66808564656269.44,-410978159843409.0,-120439047590809.0,190817870623322.22,-55515846919682.97,112238389389712.22,448104721757.34595,-41364194114906.23,-19873990157283.492,0.0,0.0,1.0
-1787116606070.852,237707376133282.9,14348148114098.064,75865718964933.47,57604288720653.37,-570028048010854.9,-117160165554918.05,328945487422636.44,-44284909852822.84,71270993952642.9,-15363872464479.936,-26212195106877.117,-52554995219819.02,0.0,0.0,1.0
-481941553968.31274,283535310012038.44,-1110093564617.1343,-30131910358129.004,57604288720653.37,-799766775363831.9,-108962960465190.67,52690253824008.0,-45688776986180.37,30303598515573.6,-48744713190980.87,-45021573185809.81,-21359490387398.746,0.0,0.0,1.0
9247545198068.674,107861563476808.84,-4470580886076.979,75865718964933.47,-89664126249203.73,-835111194956597.5,-110602401483136.12,66503015503939.36,-39371374886071.53,617502933113567.4,-45230940482928.15,-48678952256713.4,-39185493148781.766,0.0,0.0,1.0
8654283810749.357,515220975732413.7,-7158970743244.842,91008237439656.67,-108072678120435.86,-896963929243937.5,-127816532171563.64,218443393983185.06,-30948172085926.445,213291298134483.28,-31175849650717.215,-45021573185809.81,-67409997520971.54,0.0,0.0,1.0
5332020041761.098,347185218176976.7,15692343042681.996,106150755914379.89,103625668398733.72,-525847523519897.6,-90929109267790.44,94128538863802.23,-9188231518884.938,767716716382821.5,-18877645172532.668,-54948744949690.96,-15417489466937.738,0.0,0.0,1.0
-2143073438462.4421,263167339399258.22,-4470580886076.979,153126591317.41702,-108072678120435.86,-720241831280109.0,-112241842501081.61,52690253824008.0,-43582976286144.086,710362362770924.5,-41717167774875.414,-45021573185809.81,-18388489927168.242,0.0,0.0,1.0
6874499648791.364,62033629598053.4,21741220221309.67,151578311338549.5,48400012785037.3,-658389096992769.0,-97486873339572.34,38877492144076.57,-3572762985454.8677,491869587106554.75,-38203395066822.68,-42409159563735.83,923013064330.0281,0.0,0.0,1.0
4738758654441.781,576324887570754.2,33166877114273.08,166720829813272.72,112829944334349.78,-278436586370537.72,-87650227231899.48,-126875648015100.5,-33755906352641.465,470020309540117.75,-50501599545007.234,-36139366870758.266,-34728992458436.008,0.0,0.0,1.0
-9499514641222.14,176603464294942.16,-3126385957493.047,-14989391883405.793,-34438470635507.316,-923472243938511.8,-126177091153618.17,52690253824008.0,-60429381886434.28,60346355169424.414,-52258485899033.6,-40841711390491.43,-70380997981202.05,0.0,0.0,1.0
-2736334825781.7803,13659699392700.355,-5814775814660.91,153126591317.41702,-126481229991668.0,-799766775363831.9,-124537650135672.69,163192347263459.34,-66746783986543.1,661201351688456.4,-68070463085270.9,-51291365878787.38,-82264999822124.06,0.0,0.0,1.0
13756331741695.588,44211655311870.62,7627173471178.406,15295645066040.627,-80459850313587.66,-543519733316280.5,-108962960465190.67,107941300543733.67,-24630769985817.617,633889891288395.0,-59286031315139.06,-47111504083469.01,-25815991077744.5,0.0,0.0,1.0
8416979255821.63,843654501863495.0,5610881078302.523,30438163540763.836,-43642746571123.38,-543519733316280.5,-116340445045945.33,218443393983185.06,-37265574186035.26,360773921707932.9,-55772258607086.33,-45544055910224.61,-2047987395900.4749,0.0,0.0,1.0
4738758654441.781,400651141035524.8,7627173471178.406,106150755914379.89,20787184978189.094,-437486474537983.3,-104864357920326.98,94128538863802.23,-12697899352278.732,306150727791840.4,-45230940482928.15,-54948744949690.96,923013064330.0281,0.0,0.0,1.0
3196279047411.515,494853005119633.44,-7158970743244.842,15295645066040.627,186464151819278.34,-623044677400003.2,-109782680974163.4,94128538863802.23,-16909500752351.27,702168883683510.5,-64556690377218.164,-54948744949690.96,26176516976289.305,0.0,0.0,1.0
2009756272772.8604,64579625924650.875,234101363966.79724,15295645066040.627,186464151819278.34,-570028048010854.9,-110602401483136.12,232256155663116.5,-9188231518884.938,579266697372302.8,-62799804023191.8,-51813848603202.17,27662017206404.555,0.0,0.0,1.0
13400374909303.998,449025071240877.75,25101707542769.516,151578311338549.5,-34438470635507.316,-216583852083197.88,-104044637411354.23,273694440702910.8,-16909500752351.27,565610898893279.4,-61042917669165.43,-52858814052031.766,-55525995680049.53,0.0,0.0,1.0
